lusername,others
user0,other
user1,other
user2,other
user3,other
user4,other
user5,other
user6,other
user7,other
user8,other
user9,other
user10,other
user11,other
user12,other
user13,other
user14,other
user15,other
user16,other
user17,other
user18,other
user19,other
user20,other
user21,other
user22,other
user23,other
user24,other
user25,other
user26,other
user27,other
user28,other
user29,other
user30,other
user31,other
user32,other
user33,other
user34,other
user35,other
user36,other
user37,other
user38,other
user39,other
user40,other
user41,other
user42,other
user43,other
user44,other
user45,other
user46,other
user47,other
user48,other
user49,other
user50,other
user51,other
user52,other
user53,other
user54,other
user55,other
user56,other
user57,other
user58,other
user59,other
user60,other
user61,other
user62,other
user63,other
user64,other
user65,other
user66,other
user67,other
user68,other
user69,other
user70,other
user71,other
user72,other
user73,other
user74,other
user75,other
user76,other
user77,other
user78,other
user79,other
user80,other
user81,other
user82,other
user83,other
user84,other
user85,other
user86,other
user87,other
user88,other
user89,other
user90,other
user91,other
user92,other
user93,other
user94,other
user95,other
user96,other
user97,other
user98,other
user99,other
user100,other
user101,other
user102,other
user103,other
user104,other
user105,other
user106,other
user107,other
user108,other
user109,other
user110,other
user111,other
user112,other
user113,other
user114,other
user115,other
user116,other
user117,other
user118,other
user119,other
user120,other
user121,other
user122,other
user123,other
user124,other
user125,other
user126,other
user127,other
user128,other
user129,other
user130,other
user131,other
user132,other
user133,other
user134,other
user135,other
user136,other
user137,other
user138,other
user139,other
user140,other
user141,other
user142,other
user143,other
user144,other
user145,other
user146,other
user147,other
user148,other
user149,other
user150,other
user151,other
user152,other
user153,other
user154,other
user155,other
user156,other
user157,other
user158,other
user159,other
user160,other
user161,other
user162,other
user163,other
user164,other
user165,other
user166,other
user167,other
user168,other
user169,other
user170,other
user171,other
user172,other
user173,other
user174,other
user175,other
user176,other
user177,other
user178,other
user179,other
user180,other
user181,other
user182,other
user183,other
user184,other
user185,other
user186,other
user187,other
user188,other
user189,other
user190,other
user191,other
user192,other
user193,other
user194,other
user195,other
user196,other
user197,other
user198,other
user199,other
user200,other
user201,other
user202,other
user203,other
user204,other
user205,other
user206,other
user207,other
user208,other
user209,other
user210,other
user211,other
user212,other
user213,other
user214,other
user215,other
user216,other
user217,other
user218,other
user219,other
user220,other
user221,other
user222,other
user223,other
user224,other
user225,other
user226,other
user227,other
user228,other
user229,other
user230,other
user231,other
user232,other
user233,other
user234,other
user235,other
user236,other
user237,other
user238,other
user239,other
user240,other
user241,other
user242,other
user243,other
user244,other
user245,other
user246,other
user247,other
user248,other
user249,other
user250,other
user251,other
user252,other
user253,other
user254,other
user255,other
user256,other
user257,other
user258,other
user259,other
user260,other
user261,other
user262,other
user263,other
user264,other
user265,other
user266,other
user267,other
user268,other
user269,other
user270,other
user271,other
user272,other
user273,other
user274,other
user275,other
user276,other
user277,other
user278,other
user279,other
user280,other
user281,other
user282,other
user283,other
user284,other
user285,other
user286,other
user287,other
user288,other
user289,other
user290,other
user291,other
user292,other
user293,other
user294,other
user295,other
user296,other
user297,other
user298,other
user299,other
user300,other
user301,other
user302,other
user303,other
user304,other
user305,other
user306,other
user307,other
user308,other
user309,other
user310,other
user311,other
user312,other
user313,other
user314,other
user315,other
user316,other
user317,other
user318,other
user319,other
user320,other
user321,other
user322,other
user323,other
user324,other
user325,other
user326,other
user327,other
user328,other
user329,other
user330,other
user331,other
user332,other
user333,other
user334,other
user335,other
user336,other
user337,other
user338,other
user339,other
user340,other
user341,other
user342,other
user343,other
user344,other
user345,other
user346,other
user347,other
user348,other
user349,other
user350,other
user351,other
user352,other
user353,other
user354,other
user355,other
user356,other
user357,other
user358,other
user359,other
user360,other
user361,other
user362,other
user363,other
user364,other
user365,other
user366,other
user367,other
user368,other
user369,other
user370,other
user371,other
user372,other
user373,other
user374,other
user375,other
user376,other
user377,other
user378,other
user379,other
user380,other
user381,other
user382,other
user383,other
user384,other
user385,other
user386,other
user387,other
user388,other
user389,other
user390,other
user391,other
user392,other
user393,other
user394,other
user395,other
user396,other
user397,other
user398,other
user399,other
user400,other
user401,other
user402,other
user403,other
user404,other
user405,other
user406,other
user407,other
user408,other
user409,other
user410,other
user411,other
user412,other
user413,other
user414,other
user415,other
user416,other
user417,other
user418,other
user419,other
user420,other
user421,other
user422,other
user423,other
user424,other
user425,other
user426,other
user427,other
user428,other
user429,other
user430,other
user431,other
user432,other
user433,other
user434,other
user435,other
user436,other
user437,other
user438,other
user439,other
user440,other
user441,other
user442,other
user443,other
user444,other
user445,other
user446,other
user447,other
user448,other
user449,other
user450,other
user451,other
user452,other
user453,other
user454,other
user455,other
user456,other
user457,other
user458,other
user459,other
user460,other
user461,other
user462,other
user463,other
user464,other
user465,other
user466,other
user467,other
user468,other
user469,other
user470,other
user471,other
user472,other
user473,other
user474,other
user475,other
user476,other
user477,other
user478,other
user479,other
user480,other
user481,other
user482,other
user483,other
user484,other
user485,other
user486,other
user487,other
user488,other
user489,other
user490,other
user491,other
user492,other
user493,other
user494,other
user495,other
user496,other
user497,other
user498,other
user499,other
user500,other
user501,other
user502,other
user503,other
user504,other
user505,other
user506,other
user507,other
user508,other
user509,other
user510,other
user511,other
user512,other
user513,other
user514,other
user515,other
user516,other
user517,other
user518,other
user519,other
user520,other
user521,other
user522,other
user523,other
user524,other
user525,other
user526,other
user527,other
user528,other
user529,other
user530,other
user531,other
user532,other
user533,other
user534,other
user535,other
user536,other
user537,other
user538,other
user539,other
user540,other
user541,other
user542,other
user543,other
user544,other
user545,other
user546,other
user547,other
user548,other
user549,other
user550,other
user551,other
user552,other
user553,other
user554,other
user555,other
user556,other
user557,other
user558,other
user559,other
user560,other
user561,other
user562,other
user563,other
user564,other
user565,other
user566,other
user567,other
user568,other
user569,other
user570,other
user571,other
user572,other
user573,other
user574,other
user575,other
user576,other
user577,other
user578,other
user579,other
user580,other
user581,other
user582,other
user583,other
user584,other
user585,other
user586,other
user587,other
user588,other
user589,other
user590,other
user591,other
user592,other
user593,other
user594,other
user595,other
user596,other
user597,other
user598,other
user599,other
user600,other
user601,other
user602,other
user603,other
user604,other
user605,other
user606,other
user607,other
user608,other
user609,other
user610,other
user611,other
user612,other
user613,other
user614,other
user615,other
user616,other
user617,other
user618,other
user619,other
user620,other
user621,other
user622,other
user623,other
user624,other
user625,other
user626,other
user627,other
user628,other
user629,other
user630,other
user631,other
user632,other
user633,other
user634,other
user635,other
user636,other
user637,other
user638,other
user639,other
user640,other
user641,other
user642,other
user643,other
user644,other
user645,other
user646,other
user647,other
user648,other
user649,other
user650,other
user651,other
user652,other
user653,other
user654,other
user655,other
user656,other
user657,other
user658,other
user659,other
user660,other
user661,other
user662,other
user663,other
user664,other
user665,other
user666,other
user667,other
user668,other
user669,other
user670,other
user671,other
user672,other
user673,other
user674,other
user675,other
user676,other
user677,other
user678,other
user679,other
user680,other
user681,other
user682,other
user683,other
user684,other
user685,other
user686,other
user687,other
user688,other
user689,other
user690,other
user691,other
user692,other
user693,other
user694,other
user695,other
user696,other
user697,other
user698,other
user699,other
user700,other
user701,other
user702,other
user703,other
user704,other
user705,other
user706,other
user707,other
user708,other
user709,other
user710,other
user711,other
user712,other
user713,other
user714,other
user715,other
user716,other
user717,other
user718,other
user719,other
user720,other
user721,other
user722,other
user723,other
user724,other
user725,other
user726,other
user727,other
user728,other
user729,other
user730,other
user731,other
user732,other
user733,other
user734,other
user735,other
user736,other
user737,other
user738,other
user739,other
user740,other
user741,other
user742,other
user743,other
user744,other
user745,other
user746,other
user747,other
user748,other
user749,other
user750,other
user751,other
user752,other
user753,other
user754,other
user755,other
user756,other
user757,other
user758,other
user759,other
user760,other
user761,other
user762,other
user763,other
user764,other
user765,other
user766,other
user767,other
user768,other
user769,other
user770,other
user771,other
user772,other
user773,other
user774,other
user775,other
user776,other
user777,other
user778,other
user779,other
user780,other
user781,other
user782,other
user783,other
user784,other
user785,other
user786,other
user787,other
user788,other
user789,other
user790,other
user791,other
user792,other
user793,other
user794,other
user795,other
user796,other
user797,other
user798,other
user799,other
user800,other
user801,other
user802,other
user803,other
user804,other
user805,other
user806,other
user807,other
user808,other
user809,other
user810,other
user811,other
user812,other
user813,other
user814,other
user815,other
user816,other
user817,other
user818,other
user819,other
user820,other
user821,other
user822,other
user823,other
user824,other
user825,other
user826,other
user827,other
user828,other
user829,other
user830,other
user831,other
user832,other
user833,other
user834,other
user835,other
user836,other
user837,other
user838,other
user839,other
user840,other
user841,other
user842,other
user843,other
user844,other
user845,other
user846,other
user847,other
user848,other
user849,other
user850,other
user851,other
user852,other
user853,other
user854,other
user855,other
user856,other
user857,other
user858,other
user859,other
user860,other
user861,other
user862,other
user863,other
user864,other
user865,other
user866,other
user867,other
user868,other
user869,other
user870,other
user871,other
user872,other
user873,other
user874,other
user875,other
user876,other
user877,other
user878,other
user879,other
user880,other
user881,other
user882,other
user883,other
user884,other
user885,other
user886,other
user887,other
user888,other
user889,other
user890,other
user891,other
user892,other
user893,other
user894,other
user895,other
user896,other
user897,other
user898,other
user899,other
user900,other
user901,other
user902,other
user903,other
user904,other
user905,other
user906,other
user907,other
user908,other
user909,other
user910,other
user911,other
user912,other
user913,other
user914,other
user915,other
user916,other
user917,other
user918,other
user919,other
user920,other
user921,other
user922,other
user923,other
user924,other
user925,other
user926,other
user927,other
user928,other
user929,other
user930,other
user931,other
user932,other
user933,other
user934,other
user935,other
user936,other
user937,other
user938,other
user939,other
user940,other
user941,other
user942,other
user943,other
user944,other
user945,other
user946,other
user947,other
user948,other
user949,other
user950,other
user951,other
user952,other
user953,other
user954,other
user955,other
user956,other
user957,other
user958,other
user959,other
user960,other
user961,other
user962,other
user963,other
user964,other
user965,other
user966,other
user967,other
user968,other
user969,other
user970,other
user971,other
user972,other
user973,other
user974,other
user975,other
user976,other
user977,other
user978,other
user979,other
user980,other
user981,other
user982,other
user983,other
user984,other
user985,other
user986,other
user987,other
user988,other
user989,other
user990,other
user991,other
user992,other
user993,other
user994,other
user995,other
user996,other
user997,other
user998,other
user999,other
user1000,other
user1001,other
user1002,other
user1003,other
user1004,other
user1005,other
user1006,other
user1007,other
user1008,other
user1009,other
user1010,other
user1011,other
user1012,other
user1013,other
user1014,other
user1015,other
user1016,other
user1017,other
user1018,other
user1019,other
user1020,other
user1021,other
user1022,other
user1023,other
user1024,other
user1025,other
user1026,other
user1027,other
user1028,other
user1029,other
user1030,other
user1031,other
user1032,other
user1033,other
user1034,other
user1035,other
user1036,other
user1037,other
user1038,other
user1039,other
user1040,other
user1041,other
user1042,other
user1043,other
user1044,other
user1045,other
user1046,other
user1047,other
user1048,other
user1049,other
user1050,other
user1051,other
user1052,other
user1053,other
user1054,other
user1055,other
user1056,other
user1057,other
user1058,other
user1059,other
user1060,other
user1061,other
user1062,other
user1063,other
user1064,other
user1065,other
user1066,other
user1067,other
user1068,other
user1069,other
user1070,other
user1071,other
user1072,other
user1073,other
user1074,other
user1075,other
user1076,other
user1077,other
user1078,other
user1079,other
user1080,other
user1081,other
user1082,other
user1083,other
user1084,other
user1085,other
user1086,other
user1087,other
user1088,other
user1089,other
user1090,other
user1091,other
user1092,other
user1093,other
user1094,other
user1095,other
user1096,other
user1097,other
user1098,other
user1099,other
user1100,other
user1101,other
user1102,other
user1103,other
user1104,other
user1105,other
user1106,other
user1107,other
user1108,other
user1109,other
user1110,other
user1111,other
user1112,other
user1113,other
user1114,other
user1115,other
user1116,other
user1117,other
user1118,other
user1119,other
user1120,other
user1121,other
user1122,other
user1123,other
user1124,other
user1125,other
user1126,other
user1127,other
user1128,other
user1129,other
user1130,other
user1131,other
user1132,other
user1133,other
user1134,other
user1135,other
user1136,other
user1137,other
user1138,other
user1139,other
user1140,other
user1141,other
user1142,other
user1143,other
user1144,other
user1145,other
user1146,other
user1147,other
user1148,other
user1149,other
user1150,other
user1151,other
user1152,other
user1153,other
user1154,other
user1155,other
user1156,other
user1157,other
user1158,other
user1159,other
user1160,other
user1161,other
user1162,other
user1163,other
user1164,other
user1165,other
user1166,other
user1167,other
user1168,other
user1169,other
user1170,other
user1171,other
user1172,other
user1173,other
user1174,other
user1175,other
user1176,other
user1177,other
user1178,other
user1179,other
user1180,other
user1181,other
user1182,other
user1183,other
user1184,other
user1185,other
user1186,other
user1187,other
user1188,other
user1189,other
user1190,other
user1191,other
user1192,other
user1193,other
user1194,other
user1195,other
user1196,other
user1197,other
user1198,other
user1199,other
user1200,other
user1201,other
user1202,other
user1203,other
user1204,other
user1205,other
user1206,other
user1207,other
user1208,other
user1209,other
user1210,other
user1211,other
user1212,other
user1213,other
user1214,other
user1215,other
user1216,other
user1217,other
user1218,other
user1219,other
user1220,other
user1221,other
user1222,other
user1223,other
user1224,other
user1225,other
user1226,other
user1227,other
user1228,other
user1229,other
user1230,other
user1231,other
user1232,other
user1233,other
user1234,other
user1235,other
user1236,other
user1237,other
user1238,other
user1239,other
user1240,other
user1241,other
user1242,other
user1243,other
user1244,other
user1245,other
user1246,other
user1247,other
user1248,other
user1249,other
user1250,other
user1251,other
user1252,other
user1253,other
user1254,other
user1255,other
user1256,other
user1257,other
user1258,other
user1259,other
user1260,other
user1261,other
user1262,other
user1263,other
user1264,other
user1265,other
user1266,other
user1267,other
user1268,other
user1269,other
user1270,other
user1271,other
user1272,other
user1273,other
user1274,other
user1275,other
user1276,other
user1277,other
user1278,other
user1279,other
user1280,other
user1281,other
user1282,other
user1283,other
user1284,other
user1285,other
user1286,other
user1287,other
user1288,other
user1289,other
user1290,other
user1291,other
user1292,other
user1293,other
user1294,other
user1295,other
user1296,other
user1297,other
user1298,other
user1299,other
user1300,other
user1301,other
user1302,other
user1303,other
user1304,other
user1305,other
user1306,other
user1307,other
user1308,other
user1309,other
user1310,other
user1311,other
user1312,other
user1313,other
user1314,other
user1315,other
user1316,other
user1317,other
user1318,other
user1319,other
user1320,other
user1321,other
user1322,other
user1323,other
user1324,other
user1325,other
user1326,other
user1327,other
user1328,other
user1329,other
user1330,other
user1331,other
user1332,other
user1333,other
user1334,other
user1335,other
user1336,other
user1337,other
user1338,other
user1339,other
user1340,other
user1341,other
user1342,other
user1343,other
user1344,other
user1345,other
user1346,other
user1347,other
user1348,other
user1349,other
user1350,other
user1351,other
user1352,other
user1353,other
user1354,other
user1355,other
user1356,other
user1357,other
user1358,other
user1359,other
user1360,other
user1361,other
user1362,other
user1363,other
user1364,other
user1365,other
user1366,other
user1367,other
user1368,other
user1369,other
user1370,other
user1371,other
user1372,other
user1373,other
user1374,other
user1375,other
user1376,other
user1377,other
user1378,other
user1379,other
user1380,other
user1381,other
user1382,other
user1383,other
user1384,other
user1385,other
user1386,other
user1387,other
user1388,other
user1389,other
user1390,other
user1391,other
user1392,other
user1393,other
user1394,other
user1395,other
user1396,other
user1397,other
user1398,other
user1399,other
user1400,other
user1401,other
user1402,other
user1403,other
user1404,other
user1405,other
user1406,other
user1407,other
user1408,other
user1409,other
user1410,other
user1411,other
user1412,other
user1413,other
user1414,other
user1415,other
user1416,other
user1417,other
user1418,other
user1419,other
user1420,other
user1421,other
user1422,other
user1423,other
user1424,other
user1425,other
user1426,other
user1427,other
user1428,other
user1429,other
user1430,other
user1431,other
user1432,other
user1433,other
user1434,other
user1435,other
user1436,other
user1437,other
user1438,other
user1439,other
user1440,other
user1441,other
user1442,other
user1443,other
user1444,other
user1445,other
user1446,other
user1447,other
user1448,other
user1449,other
user1450,other
user1451,other
user1452,other
user1453,other
user1454,other
user1455,other
user1456,other
user1457,other
user1458,other
user1459,other
user1460,other
user1461,other
user1462,other
user1463,other
user1464,other
user1465,other
user1466,other
user1467,other
user1468,other
user1469,other
user1470,other
user1471,other
user1472,other
user1473,other
user1474,other
user1475,other
user1476,other
user1477,other
user1478,other
user1479,other
user1480,other
user1481,other
user1482,other
user1483,other
user1484,other
user1485,other
user1486,other
user1487,other
user1488,other
user1489,other
user1490,other
user1491,other
user1492,other
user1493,other
user1494,other
user1495,other
user1496,other
user1497,other
user1498,other
user1499,other
user1500,other
user1501,other
user1502,other
user1503,other
user1504,other
user1505,other
user1506,other
user1507,other
user1508,other
user1509,other
user1510,other
user1511,other
user1512,other
user1513,other
user1514,other
user1515,other
user1516,other
user1517,other
user1518,other
user1519,other
user1520,other
user1521,other
user1522,other
user1523,other
user1524,other
user1525,other
user1526,other
user1527,other
user1528,other
user1529,other
user1530,other
user1531,other
user1532,other
user1533,other
user1534,other
user1535,other
user1536,other
user1537,other
user1538,other
user1539,other
user1540,other
user1541,other
user1542,other
user1543,other
user1544,other
user1545,other
user1546,other
user1547,other
user1548,other
user1549,other
user1550,other
user1551,other
user1552,other
user1553,other
user1554,other
user1555,other
user1556,other
user1557,other
user1558,other
user1559,other
user1560,other
user1561,other
user1562,other
user1563,other
user1564,other
user1565,other
user1566,other
user1567,other
user1568,other
user1569,other
user1570,other
user1571,other
user1572,other
user1573,other
user1574,other
user1575,other
user1576,other
user1577,other
user1578,other
user1579,other
user1580,other
user1581,other
user1582,other
user1583,other
user1584,other
user1585,other
user1586,other
user1587,other
user1588,other
user1589,other
user1590,other
user1591,other
user1592,other
user1593,other
user1594,other
user1595,other
user1596,other
user1597,other
user1598,other
user1599,other
user1600,other
user1601,other
user1602,other
user1603,other
user1604,other
user1605,other
user1606,other
user1607,other
user1608,other
user1609,other
user1610,other
user1611,other
user1612,other
user1613,other
user1614,other
user1615,other
user1616,other
user1617,other
user1618,other
user1619,other
user1620,other
user1621,other
user1622,other
user1623,other
user1624,other
user1625,other
user1626,other
user1627,other
user1628,other
user1629,other
user1630,other
user1631,other
user1632,other
user1633,other
user1634,other
user1635,other
user1636,other
user1637,other
user1638,other
user1639,other
user1640,other
user1641,other
user1642,other
user1643,other
user1644,other
user1645,other
user1646,other
user1647,other
user1648,other
user1649,other
user1650,other
user1651,other
user1652,other
user1653,other
user1654,other
user1655,other
user1656,other
user1657,other
user1658,other
user1659,other
user1660,other
user1661,other
user1662,other
user1663,other
user1664,other
user1665,other
user1666,other
user1667,other
user1668,other
user1669,other
user1670,other
user1671,other
user1672,other
user1673,other
user1674,other
user1675,other
user1676,other
user1677,other
user1678,other
user1679,other
user1680,other
user1681,other
user1682,other
user1683,other
user1684,other
user1685,other
user1686,other
user1687,other
user1688,other
user1689,other
user1690,other
user1691,other
user1692,other
user1693,other
user1694,other
user1695,other
user1696,other
user1697,other
user1698,other
user1699,other
user1700,other
user1701,other
user1702,other
user1703,other
user1704,other
user1705,other
user1706,other
user1707,other
user1708,other
user1709,other
user1710,other
user1711,other
user1712,other
user1713,other
user1714,other
user1715,other
user1716,other
user1717,other
user1718,other
user1719,other
user1720,other
user1721,other
user1722,other
user1723,other
user1724,other
user1725,other
user1726,other
user1727,other
user1728,other
user1729,other
user1730,other
user1731,other
user1732,other
user1733,other
user1734,other
user1735,other
user1736,other
user1737,other
user1738,other
user1739,other
user1740,other
user1741,other
user1742,other
user1743,other
user1744,other
user1745,other
user1746,other
user1747,other
user1748,other
user1749,other
user1750,other
user1751,other
user1752,other
user1753,other
user1754,other
user1755,other
user1756,other
user1757,other
user1758,other
user1759,other
user1760,other
user1761,other
user1762,other
user1763,other
user1764,other
user1765,other
user1766,other
user1767,other
user1768,other
user1769,other
user1770,other
user1771,other
user1772,other
user1773,other
user1774,other
user1775,other
user1776,other
user1777,other
user1778,other
user1779,other
user1780,other
user1781,other
user1782,other
user1783,other
user1784,other
user1785,other
user1786,other
user1787,other
user1788,other
user1789,other
user1790,other
user1791,other
user1792,other
user1793,other
user1794,other
user1795,other
user1796,other
user1797,other
user1798,other
user1799,other
user1800,other
user1801,other
user1802,other
user1803,other
user1804,other
user1805,other
user1806,other
user1807,other
user1808,other
user1809,other
user1810,other
user1811,other
user1812,other
user1813,other
user1814,other
user1815,other
user1816,other
user1817,other
user1818,other
user1819,other
user1820,other
user1821,other
user1822,other
user1823,other
user1824,other
user1825,other
user1826,other
user1827,other
user1828,other
user1829,other
user1830,other
user1831,other
user1832,other
user1833,other
user1834,other
user1835,other
user1836,other
user1837,other
user1838,other
user1839,other
user1840,other
user1841,other
user1842,other
user1843,other
user1844,other
user1845,other
user1846,other
user1847,other
user1848,other
user1849,other
user1850,other
user1851,other
user1852,other
user1853,other
user1854,other
user1855,other
user1856,other
user1857,other
user1858,other
user1859,other
user1860,other
user1861,other
user1862,other
user1863,other
user1864,other
user1865,other
user1866,other
user1867,other
user1868,other
user1869,other
user1870,other
user1871,other
user1872,other
user1873,other
user1874,other
user1875,other
user1876,other
user1877,other
user1878,other
user1879,other
user1880,other
user1881,other
user1882,other
user1883,other
user1884,other
user1885,other
user1886,other
user1887,other
user1888,other
user1889,other
user1890,other
user1891,other
user1892,other
user1893,other
user1894,other
user1895,other
user1896,other
user1897,other
user1898,other
user1899,other
user1900,other
user1901,other
user1902,other
user1903,other
user1904,other
user1905,other
user1906,other
user1907,other
user1908,other
user1909,other
user1910,other
user1911,other
user1912,other
user1913,other
user1914,other
user1915,other
user1916,other
user1917,other
user1918,other
user1919,other
user1920,other
user1921,other
user1922,other
user1923,other
user1924,other
user1925,other
user1926,other
user1927,other
user1928,other
user1929,other
user1930,other
user1931,other
user1932,other
user1933,other
user1934,other
user1935,other
user1936,other
user1937,other
user1938,other
user1939,other
user1940,other
user1941,other
user1942,other
user1943,other
user1944,other
user1945,other
user1946,other
user1947,other
user1948,other
user1949,other
user1950,other
user1951,other
user1952,other
user1953,other
user1954,other
user1955,other
user1956,other
user1957,other
user1958,other
user1959,other
user1960,other
user1961,other
user1962,other
user1963,other
user1964,other
user1965,other
user1966,other
user1967,other
user1968,other
user1969,other
user1970,other
user1971,other
user1972,other
user1973,other
user1974,other
user1975,other
user1976,other
user1977,other
user1978,other
user1979,other
user1980,other
user1981,other
user1982,other
user1983,other
user1984,other
user1985,other
user1986,other
user1987,other
user1988,other
user1989,other
user1990,other
user1991,other
user1992,other
user1993,other
user1994,other
user1995,other
user1996,other
user1997,other
user1998,other
user1999,other